{
  "booking_availablity": {
    "precision": 0.875,
    "recall": 0.84,
    "f1-score": 0.8571428571428572,
    "support": 25,
    "confused_with": {
      "flight_info_inquiry": 2,
      "flight_schedules_inquiry": 1
    }
  },
  "flight_schedules_inquiry": {
    "precision": 0.9942363112391931,
    "recall": 0.9913793103448276,
    "f1-score": 0.9928057553956835,
    "support": 348,
    "confused_with": {
      "booking_availablity": 2,
      "flight_info_inquiry": 1
    }
  },
  "change_book_cost_inquiry": {
    "precision": 1.0,
    "recall": 0.8823529411764706,
    "f1-score": 0.9375,
    "support": 17,
    "confused_with": {
      "ticket_price_inquiry": 1,
      "change_book_inquiry": 1
    }
  },
  "flight_info_inquiry": {
    "precision": 0.9629629629629629,
    "recall": 0.994535519125683,
    "f1-score": 0.978494623655914,
    "support": 183,
    "confused_with": {
      "change_book_inquiry": 1
    }
  },
  "change_book_inquiry": {
    "precision": 0.8936170212765957,
    "recall": 0.9333333333333333,
    "f1-score": 0.9130434782608695,
    "support": 45,
    "confused_with": {
      "flight_info_inquiry": 3
    }
  },
  "book_flight": {
    "precision": 0.9464285714285714,
    "recall": 0.9814814814814815,
    "f1-score": 0.9636363636363636,
    "support": 54,
    "confused_with": {
      "flight_schedules_inquiry": 1
    }
  },
  "booking_methods": {
    "precision": 1.0,
    "recall": 0.5714285714285714,
    "f1-score": 0.7272727272727273,
    "support": 14,
    "confused_with": {
      "change_book_inquiry": 3,
      "book_flight": 2
    }
  },
  "ticket_price_inquiry": {
    "precision": 0.9961977186311787,
    "recall": 0.9961977186311787,
    "f1-score": 0.9961977186311787,
    "support": 263,
    "confused_with": {
      "flight_info_inquiry": 1
    }
  },
  "accuracy": 0.9778714436248683,
  "macro avg": {
    "precision": 0.9585553231923127,
    "recall": 0.8988386094401932,
    "f1-score": 0.9207616904994492,
    "support": 949
  },
  "weighted avg": {
    "precision": 0.9783049181749748,
    "recall": 0.9778714436248683,
    "f1-score": 0.9770623064017098,
    "support": 949
  },
  "micro avg": {
    "precision": 0.9778714436248683,
    "recall": 0.9778714436248683,
    "f1-score": 0.9778714436248683,
    "support": 949
  }
}