{
  "booking_availablity": {
    "precision": 0.8333333333333334,
    "recall": 1.0,
    "f1-score": 0.9090909090909091,
    "support": 5,
    "confused_with": {}
  },
  "flight_schedules_inquiry": {
    "precision": 1.0,
    "recall": 1.0,
    "f1-score": 1.0,
    "support": 69,
    "confused_with": {}
  },
  "change_book_inquiry": {
    "precision": 1.0,
    "recall": 1.0,
    "f1-score": 1.0,
    "support": 9,
    "confused_with": {}
  },
  "flight_info_inquiry": {
    "precision": 0.9736842105263158,
    "recall": 1.0,
    "f1-score": 0.9866666666666666,
    "support": 37,
    "confused_with": {}
  },
  "change_book_cost_inquiry": {
    "precision": 1.0,
    "recall": 1.0,
    "f1-score": 1.0,
    "support": 4,
    "confused_with": {}
  },
  "book_flight": {
    "precision": 0.9090909090909091,
    "recall": 1.0,
    "f1-score": 0.9523809523809523,
    "support": 10,
    "confused_with": {}
  },
  "ticket_price_inquiry": {
    "precision": 1.0,
    "recall": 1.0,
    "f1-score": 1.0,
    "support": 53,
    "confused_with": {}
  },
  "booking_methods": {
    "precision": 0.0,
    "recall": 0.0,
    "f1-score": 0.0,
    "support": 3,
    "confused_with": {
      "flight_info_inquiry": 1,
      "booking_availablity": 1,
      "book_flight": 1
    }
  },
  "accuracy": 0.9842105263157894,
  "macro avg": {
    "precision": 0.8395135566188199,
    "recall": 0.875,
    "f1-score": 0.856017316017316,
    "support": 190
  },
  "weighted avg": {
    "precision": 0.9699152186686814,
    "recall": 0.9842105263157894,
    "f1-score": 0.9767154249259513,
    "support": 190
  },
  "micro avg": {
    "precision": 0.9842105263157894,
    "recall": 0.9842105263157894,
    "f1-score": 0.9842105263157894,
    "support": 190
  }
}