{
  "booking_methods": {
    "precision": 1.0,
    "recall": 0.07142857142857142,
    "f1-score": 0.13333333333333333,
    "support": 14,
    "confused_with": {
      "book_flight": 9,
      "change_book_inquiry": 2,
      "flight_info_inquiry": 1
    }
  },
  "flight_info_inquiry": {
    "precision": 0.994535519125683,
    "recall": 0.994535519125683,
    "f1-score": 0.994535519125683,
    "support": 183,
    "confused_with": {
      "ticket_price_inquiry": 1
    }
  },
  "flight_schedules_inquiry": {
    "precision": 0.997134670487106,
    "recall": 1.0,
    "f1-score": 0.9985652797704447,
    "support": 348,
    "confused_with": {}
  },
  "ticket_price_inquiry": {
    "precision": 0.9924528301886792,
    "recall": 1.0,
    "f1-score": 0.9962121212121212,
    "support": 263,
    "confused_with": {}
  },
  "booking_availablity": {
    "precision": 0.9583333333333334,
    "recall": 0.92,
    "f1-score": 0.9387755102040817,
    "support": 25,
    "confused_with": {
      "flight_schedules_inquiry": 1,
      "book_flight": 1
    }
  },
  "book_flight": {
    "precision": 0.84375,
    "recall": 1.0,
    "f1-score": 0.9152542372881356,
    "support": 54,
    "confused_with": {}
  },
  "change_book_inquiry": {
    "precision": 0.9574468085106383,
    "recall": 1.0,
    "f1-score": 0.9782608695652174,
    "support": 45,
    "confused_with": {}
  },
  "change_book_cost_inquiry": {
    "precision": 1.0,
    "recall": 0.9411764705882353,
    "f1-score": 0.9696969696969697,
    "support": 17,
    "confused_with": {
      "ticket_price_inquiry": 1
    }
  },
  "accuracy": 0.982086406743941,
  "macro avg": {
    "precision": 0.96795664520568,
    "recall": 0.8658925701428113,
    "f1-score": 0.8655792300244982,
    "support": 949
  },
  "weighted avg": {
    "precision": 0.9837975757486276,
    "recall": 0.982086406743941,
    "f1-score": 0.976576265637001,
    "support": 949
  },
  "micro avg": {
    "precision": 0.982086406743941,
    "recall": 0.982086406743941,
    "f1-score": 0.982086406743941,
    "support": 949
  }
}